lncRNA,miRNA,mRNA,lncRNA_log2FC,mRNA_log2FC
SFPQ,hsa-miR-139-3p,JUN,5.16988186,38.564139253198
SFPQ,hsa-miR-139-3p,JUN,29.36503178,38.564139253198
SFPQ,hsa-miR-139-3p,JUN,-1.203245645,38.564139253198
SFPQ,hsa-miR-139-3p,MIDN,5.16988186,4.5390645886677
SFPQ,hsa-miR-139-3p,MIDN,29.36503178,4.5390645886677
SFPQ,hsa-miR-139-3p,MIDN,-1.203245645,4.5390645886677
SFPQ,hsa-miR-139-3p,CDS2,5.16988186,3.7324350673038
SFPQ,hsa-miR-139-3p,CDS2,29.36503178,3.7324350673038
SFPQ,hsa-miR-139-3p,CDS2,-1.203245645,3.7324350673038
SFPQ,hsa-miR-139-3p,HNRNPF,5.16988186,2.68018209283298
SFPQ,hsa-miR-139-3p,HNRNPF,29.36503178,2.68018209283298
SFPQ,hsa-miR-139-3p,HNRNPF,-1.203245645,2.68018209283298
SFPQ,hsa-miR-139-3p,PTGES3,5.16988186,39.394730047888
SFPQ,hsa-miR-139-3p,PTGES3,29.36503178,39.394730047888
SFPQ,hsa-miR-139-3p,PTGES3,-1.203245645,39.394730047888
SFPQ,hsa-miR-139-3p,RTN4,5.16988186,50.137445048835
SFPQ,hsa-miR-139-3p,RTN4,29.36503178,50.137445048835
SFPQ,hsa-miR-139-3p,RTN4,-1.203245645,50.137445048835
SFPQ,hsa-miR-139-3p,APP,5.16988186,29.978152160322
SFPQ,hsa-miR-139-3p,APP,29.36503178,29.978152160322
SFPQ,hsa-miR-139-3p,APP,-1.203245645,29.978152160322
SFPQ,hsa-miR-139-3p,CKB,5.16988186,4.2512739186432
SFPQ,hsa-miR-139-3p,CKB,29.36503178,4.2512739186432
SFPQ,hsa-miR-139-3p,CKB,-1.203245645,4.2512739186432
SFPQ,hsa-miR-139-3p,VIM,5.16988186,498.79014251024
SFPQ,hsa-miR-139-3p,VIM,29.36503178,498.79014251024
SFPQ,hsa-miR-139-3p,VIM,-1.203245645,498.79014251024
SFPQ,hsa-miR-139-3p,LRPPRC,5.16988186,12.043808749747
SFPQ,hsa-miR-139-3p,LRPPRC,29.36503178,12.043808749747
SFPQ,hsa-miR-139-3p,LRPPRC,-1.203245645,12.043808749747
SFPQ,hsa-miR-139-3p,NCKAP1,5.16988186,2.3439817969125
SFPQ,hsa-miR-139-3p,NCKAP1,29.36503178,2.3439817969125
SFPQ,hsa-miR-139-3p,NCKAP1,-1.203245645,2.3439817969125
SFPQ,hsa-miR-139-3p,HMGB2,5.16988186,2.5007476608177
SFPQ,hsa-miR-139-3p,HMGB2,29.36503178,2.5007476608177
SFPQ,hsa-miR-139-3p,HMGB2,-1.203245645,2.5007476608177
SFPQ,hsa-miR-139-3p,DUSP1,5.16988186,4.98168337766401
SFPQ,hsa-miR-139-3p,DUSP1,29.36503178,4.98168337766401
SFPQ,hsa-miR-139-3p,DUSP1,-1.203245645,4.98168337766401
SFPQ,hsa-miR-139-3p,ZNF217,5.16988186,20.914569302248
SFPQ,hsa-miR-139-3p,ZNF217,29.36503178,20.914569302248
SFPQ,hsa-miR-139-3p,ZNF217,-1.203245645,20.914569302248
SFPQ,hsa-miR-139-3p,NOB1,5.16988186,7.817193797638
SFPQ,hsa-miR-139-3p,NOB1,29.36503178,7.817193797638
SFPQ,hsa-miR-139-3p,NOB1,-1.203245645,7.817193797638
SFPQ,hsa-miR-139-3p,TMSB4X,5.16988186,390.2238275594
SFPQ,hsa-miR-139-3p,TMSB4X,29.36503178,390.2238275594
SFPQ,hsa-miR-139-3p,TMSB4X,-1.203245645,390.2238275594
SFPQ,hsa-miR-139-3p,AZIN1,5.16988186,6.01879502086501
SFPQ,hsa-miR-139-3p,AZIN1,29.36503178,6.01879502086501
SFPQ,hsa-miR-139-3p,AZIN1,-1.203245645,6.01879502086501
SFPQ,hsa-miR-139-3p,CD164,5.16988186,5.71351192406098
SFPQ,hsa-miR-139-3p,CD164,29.36503178,5.71351192406098
SFPQ,hsa-miR-139-3p,CD164,-1.203245645,5.71351192406098
SFPQ,hsa-miR-139-3p,HNRNPU,5.16988186,33.987954581
SFPQ,hsa-miR-139-3p,HNRNPU,29.36503178,33.987954581
SFPQ,hsa-miR-139-3p,HNRNPU,-1.203245645,33.987954581
SFPQ,hsa-miR-139-3p,PNRC1,5.16988186,35.6064028939861
SFPQ,hsa-miR-139-3p,PNRC1,29.36503178,35.6064028939861
SFPQ,hsa-miR-139-3p,PNRC1,-1.203245645,35.6064028939861
SFPQ,hsa-miR-139-3p,MCL1,5.16988186,46.36140529674
SFPQ,hsa-miR-139-3p,MCL1,29.36503178,46.36140529674
SFPQ,hsa-miR-139-3p,MCL1,-1.203245645,46.36140529674
SFPQ,hsa-miR-139-3p,DYNLL2,5.16988186,3.3067584692116
SFPQ,hsa-miR-139-3p,DYNLL2,29.36503178,3.3067584692116
SFPQ,hsa-miR-139-3p,DYNLL2,-1.203245645,3.3067584692116
SFPQ,hsa-miR-139-3p,YWHAQ,5.16988186,64.68713545038
SFPQ,hsa-miR-139-3p,YWHAQ,29.36503178,64.68713545038
SFPQ,hsa-miR-139-3p,YWHAQ,-1.203245645,64.68713545038
SFPQ,hsa-miR-139-3p,KDM6B,5.16988186,-1.5107608156523
SFPQ,hsa-miR-139-3p,KDM6B,29.36503178,-1.5107608156523
SFPQ,hsa-miR-139-3p,KDM6B,-1.203245645,-1.5107608156523
SFPQ,hsa-miR-139-3p,TGIF2,5.16988186,-4.52467360409531
SFPQ,hsa-miR-139-3p,TGIF2,29.36503178,-4.52467360409531
SFPQ,hsa-miR-139-3p,TGIF2,-1.203245645,-4.52467360409531
SFPQ,hsa-miR-139-3p,ITM2B,5.16988186,37.864752300276
SFPQ,hsa-miR-139-3p,ITM2B,29.36503178,37.864752300276
SFPQ,hsa-miR-139-3p,ITM2B,-1.203245645,37.864752300276
SFPQ,hsa-miR-139-3p,MFSD6,5.16988186,6.8300688281826
SFPQ,hsa-miR-139-3p,MFSD6,29.36503178,6.8300688281826
SFPQ,hsa-miR-139-3p,MFSD6,-1.203245645,6.8300688281826
SFPQ,hsa-miR-139-3p,ADIPOR2,5.16988186,2.9479607080624
SFPQ,hsa-miR-139-3p,ADIPOR2,29.36503178,2.9479607080624
SFPQ,hsa-miR-139-3p,ADIPOR2,-1.203245645,2.9479607080624
SFPQ,hsa-miR-139-3p,GLO1,5.16988186,58.897400838191
SFPQ,hsa-miR-139-3p,GLO1,29.36503178,58.897400838191
SFPQ,hsa-miR-139-3p,GLO1,-1.203245645,58.897400838191
SFPQ,hsa-miR-139-3p,UBE2Z,5.16988186,19.806658556104
SFPQ,hsa-miR-139-3p,UBE2Z,29.36503178,19.806658556104
SFPQ,hsa-miR-139-3p,UBE2Z,-1.203245645,19.806658556104
SFPQ,hsa-miR-139-3p,INSIG1,5.16988186,84.250727011279
SFPQ,hsa-miR-139-3p,INSIG1,29.36503178,84.250727011279
SFPQ,hsa-miR-139-3p,INSIG1,-1.203245645,84.250727011279
SFPQ,hsa-miR-139-3p,ARFGEF2,5.16988186,2.076642859003
SFPQ,hsa-miR-139-3p,ARFGEF2,29.36503178,2.076642859003
SFPQ,hsa-miR-139-3p,ARFGEF2,-1.203245645,2.076642859003
SFPQ,hsa-miR-139-3p,RBBP7,5.16988186,21.6823305339399
SFPQ,hsa-miR-139-3p,RBBP7,29.36503178,21.6823305339399
SFPQ,hsa-miR-139-3p,RBBP7,-1.203245645,21.6823305339399
SFPQ,hsa-miR-139-3p,AAK1,5.16988186,-6.0060574385931
UBP1,hsa-miR-18a-3p,ACSL4,9.106144853,33.870420329636
UBP1,hsa-miR-18a-3p,ACSL4,2.316517771,33.870420329636
UBP1,hsa-miR-18a-3p,TMEM107,9.106144853,2.53510329826428
UBP1,hsa-miR-18a-3p,TMEM107,2.316517771,2.53510329826428
UBP1,hsa-miR-18a-3p,SNX5,9.106144853,14.1754959190244
UBP1,hsa-miR-18a-3p,SNX5,2.316517771,14.1754959190244
UBP1,hsa-miR-18a-3p,STAT3,9.106144853,10.724659140473
UBP1,hsa-miR-18a-3p,STAT3,2.316517771,10.724659140473
UBP1,hsa-miR-18a-3p,RAB11FIP2,9.106144853,1.8084298180239
UBP1,hsa-miR-18a-3p,RAB11FIP2,2.316517771,1.8084298180239
UBP1,hsa-miR-18a-3p,FAM53C,9.106144853,17.9412545602294
UBP1,hsa-miR-18a-3p,FAM53C,2.316517771,17.9412545602294
UBP1,hsa-miR-18a-3p,POU2F1,9.106144853,-6.3507196052707
UBP1,hsa-miR-18a-3p,POU2F1,2.316517771,-6.3507196052707
UBP1,hsa-miR-18a-3p,KRAS,9.106144853,1.4226535731489
UBP1,hsa-miR-18a-3p,KRAS,2.316517771,1.4226535731489
UBP1,hsa-miR-18a-3p,CSNK1D,9.106144853,7.9383139446649
UBP1,hsa-miR-18a-3p,CSNK1D,2.316517771,7.9383139446649
UBP1,hsa-miR-18a-3p,RBPJ,9.106144853,10.154159137913
UBP1,hsa-miR-18a-3p,RBPJ,2.316517771,10.154159137913
UBP1,hsa-miR-18a-3p,MAT2A,9.106144853,11.919618738829
UBP1,hsa-miR-18a-3p,MAT2A,2.316517771,11.919618738829
UBP1,hsa-miR-18a-3p,AHCYL1,9.106144853,38.516577403627
UBP1,hsa-miR-18a-3p,AHCYL1,2.316517771,38.516577403627
UBP1,hsa-miR-18a-3p,GALT,9.106144853,-1.9530478600964
UBP1,hsa-miR-18a-3p,GALT,2.316517771,-1.9530478600964
UBP1,hsa-miR-18a-3p,MOB1A,9.106144853,10.261636021282
UBP1,hsa-miR-18a-3p,MOB1A,2.316517771,10.261636021282
UBP1,hsa-miR-18a-3p,NPAT,9.106144853,2.984354145854
UBP1,hsa-miR-18a-3p,NPAT,2.316517771,2.984354145854
UBP1,hsa-miR-18a-3p,PATZ1,9.106144853,1.73543758004585
UBP1,hsa-miR-18a-3p,PATZ1,2.316517771,1.73543758004585
UBP1,hsa-miR-18a-3p,PPM1A,9.106144853,4.2134877202225
UBP1,hsa-miR-18a-3p,PPM1A,2.316517771,4.2134877202225
UBP1,hsa-miR-18a-3p,UBA1,9.106144853,59.139512124301
UBP1,hsa-miR-18a-3p,UBA1,2.316517771,59.139512124301
UBP1,hsa-miR-18a-3p,SCD,9.106144853,72.218781740734
UBP1,hsa-miR-18a-3p,SCD,2.316517771,72.218781740734
UBP1,hsa-miR-18a-3p,GNAS,9.106144853,61.573691617554
UBP1,hsa-miR-18a-3p,GNAS,2.316517771,61.573691617554
UBP1,hsa-miR-18a-3p,NR1H2,9.106144853,10.3624071173899
UBP1,hsa-miR-18a-3p,NR1H2,2.316517771,10.3624071173899
UBP1,hsa-miR-18a-3p,UHMK1,9.106144853,-5.898659535462
UBP1,hsa-miR-18a-3p,UHMK1,2.316517771,-5.898659535462
UBP1,hsa-miR-18a-3p,PHC2,9.106144853,33.05677697742
UBP1,hsa-miR-18a-3p,PHC2,2.316517771,33.05677697742
UBP1,hsa-miR-18a-3p,RNF145,9.106144853,3.563108030991
UBP1,hsa-miR-18a-3p,RNF145,2.316517771,3.563108030991
UBP1,hsa-miR-18a-3p,MEF2C,9.106144853,17.104031706946
UBP1,hsa-miR-18a-3p,MEF2C,2.316517771,17.104031706946
UBP1,hsa-miR-18a-3p,CCDC71L,9.106144853,5.924990353687
UBP1,hsa-miR-18a-3p,CCDC71L,2.316517771,5.924990353687
UBP1,hsa-miR-18a-3p,BRWD1,9.106144853,-7.81043798267279
UBP1,hsa-miR-18a-3p,BRWD1,2.316517771,-7.81043798267279
UBP1,hsa-miR-18a-3p,NUFIP2,9.106144853,-8.941175257401
UBP1,hsa-miR-18a-3p,NUFIP2,2.316517771,-8.941175257401
UBP1,hsa-miR-18a-3p,IRGQ,9.106144853,-50.994148101536
UBP1,hsa-miR-18a-3p,IRGQ,2.316517771,-50.994148101536
UBP1,hsa-miR-18a-3p,ARF4,9.106144853,22.5420666206448
UBP1,hsa-miR-18a-3p,ARF4,2.316517771,22.5420666206448
UBP1,hsa-miR-18a-3p,GIGYF1,9.106144853,-5.42054511270539
UBP1,hsa-miR-18a-3p,GIGYF1,2.316517771,-5.42054511270539
UBP1,hsa-miR-18a-3p,PRKAR1A,9.106144853,13.996906637549
UBP1,hsa-miR-18a-3p,PRKAR1A,2.316517771,13.996906637549
UBP1,hsa-miR-18a-3p,CSDE1,9.106144853,86.1991542863821
UBP1,hsa-miR-18a-3p,CSDE1,2.316517771,86.1991542863821
UBP1,hsa-miR-18a-3p,STARD7,9.106144853,28.760753057211
UBP1,hsa-miR-18a-3p,STARD7,2.316517771,28.760753057211
UBP1,hsa-miR-18a-3p,DBN1,9.106144853,16.67657795018
UBP1,hsa-miR-18a-3p,DBN1,2.316517771,16.67657795018
UBP1,hsa-miR-18a-3p,KDM6B,9.106144853,-1.5107608156523
UBP1,hsa-miR-18a-3p,KDM6B,2.316517771,-1.5107608156523
UBP1,hsa-miR-18a-3p,NIPBL,9.106144853,23.430534648789
UBP1,hsa-miR-18a-3p,NIPBL,2.316517771,23.430534648789
UBP1,hsa-miR-18a-3p,OTUD4,9.106144853,-8.5354606863977
UBP1,hsa-miR-18a-3p,OTUD4,2.316517771,-8.5354606863977
UBP1,hsa-miR-18a-3p,GTF2A1,9.106144853,7.8976658705342
UBP1,hsa-miR-18a-3p,GTF2A1,2.316517771,7.8976658705342
UBP1,hsa-miR-18a-3p,MBD1,9.106144853,5.4082919838901
UBP1,hsa-miR-18a-3p,MBD1,2.316517771,5.4082919838901
UBP1,hsa-miR-18a-3p,IFNAR2,9.106144853,-2.446300988339
UBP1,hsa-miR-18a-3p,IFNAR2,2.316517771,-2.446300988339
UBP1,hsa-miR-18a-3p,YTHDC1,9.106144853,3.5210408694855
UBP1,hsa-miR-18a-3p,YTHDC1,2.316517771,3.5210408694855
UBP1,hsa-miR-18a-3p,HIF1AN,9.106144853,7.6850079200301
UBP1,hsa-miR-18a-3p,HIF1AN,2.316517771,7.6850079200301
UBP1,hsa-miR-18a-3p,ATXN2L,9.106144853,8.8684120827783
UBP1,hsa-miR-18a-3p,ATXN2L,2.316517771,8.8684120827783
UBP1,hsa-miR-18a-3p,LSM4,9.106144853,17.616167396811
UBP1,hsa-miR-18a-3p,LSM4,2.316517771,17.616167396811
UBP1,hsa-miR-18a-3p,RDX,9.106144853,4.3297081911944
UBP1,hsa-miR-18a-3p,RDX,2.316517771,4.3297081911944
UBP1,hsa-miR-18a-3p,ELOVL1,9.106144853,34.638181561328
UBP1,hsa-miR-18a-3p,ELOVL1,2.316517771,34.638181561328
UBP1,hsa-miR-18a-3p,MID1IP1,9.106144853,56.2248960653151
UBP1,hsa-miR-18a-3p,MID1IP1,2.316517771,56.2248960653151
UBP1,hsa-miR-18a-3p,CCNT2,9.106144853,-4.2153201581725
UBP1,hsa-miR-18a-3p,CCNT2,2.316517771,-4.2153201581725
UBP1,hsa-miR-18a-3p,CITED2,9.106144853,92.128378201233
UBP1,hsa-miR-18a-3p,CITED2,2.316517771,92.128378201233
PPP4C,hsa-miR-490-3p,PCBP1,21.47801242,47.09204112444
PPP4C,hsa-miR-490-3p,PCBP1,-1.56521021,47.09204112444
PPP4C,hsa-miR-490-3p,PCBP1,11.604680152,47.09204112444
PPP4C,hsa-miR-490-3p,PCBP1,2.524767558,47.09204112444
PPP4C,hsa-miR-490-3p,PCBP1,17.34224372,47.09204112444
PPP4C,hsa-miR-490-3p,HNRNPA1,21.47801242,19.619896998074
PPP4C,hsa-miR-490-3p,HNRNPA1,-1.56521021,19.619896998074
PPP4C,hsa-miR-490-3p,HNRNPA1,11.604680152,19.619896998074
PPP4C,hsa-miR-490-3p,HNRNPA1,2.524767558,19.619896998074
PPP4C,hsa-miR-490-3p,HNRNPA1,17.34224372,19.619896998074
PPP4C,hsa-miR-490-3p,CDK1,21.47801242,-1.1973580957852
PPP4C,hsa-miR-490-3p,CDK1,-1.56521021,-1.1973580957852
PPP4C,hsa-miR-490-3p,CDK1,11.604680152,-1.1973580957852
PPP4C,hsa-miR-490-3p,CDK1,2.524767558,-1.1973580957852
PPP4C,hsa-miR-490-3p,CDK1,17.34224372,-1.1973580957852
PPP4C,hsa-miR-490-3p,CALM2,21.47801242,71.591073245397
PPP4C,hsa-miR-490-3p,CALM2,-1.56521021,71.591073245397
PPP4C,hsa-miR-490-3p,CALM2,11.604680152,71.591073245397
PPP4C,hsa-miR-490-3p,CALM2,2.524767558,71.591073245397
PPP4C,hsa-miR-490-3p,CALM2,17.34224372,71.591073245397
PPP4C,hsa-miR-490-3p,SMARCD1,21.47801242,2.7128895795492
PPP4C,hsa-miR-490-3p,SMARCD1,-1.56521021,2.7128895795492
PPP4C,hsa-miR-490-3p,SMARCD1,11.604680152,2.7128895795492
PPP4C,hsa-miR-490-3p,SMARCD1,2.524767558,2.7128895795492
PPP4C,hsa-miR-490-3p,SMARCD1,17.34224372,2.7128895795492
PPP4C,hsa-miR-490-3p,RSRC2,21.47801242,2.4534701538796
PPP4C,hsa-miR-490-3p,RSRC2,-1.56521021,2.4534701538796
PPP4C,hsa-miR-490-3p,RSRC2,11.604680152,2.4534701538796
PPP4C,hsa-miR-490-3p,RSRC2,2.524767558,2.4534701538796
PPP4C,hsa-miR-490-3p,RSRC2,17.34224372,2.4534701538796
PPP4C,hsa-miR-490-3p,NUFIP2,21.47801242,-8.941175257401
PPP4C,hsa-miR-490-3p,NUFIP2,-1.56521021,-8.941175257401
PPP4C,hsa-miR-490-3p,NUFIP2,11.604680152,-8.941175257401
PPP4C,hsa-miR-490-3p,NUFIP2,2.524767558,-8.941175257401
PPP4C,hsa-miR-490-3p,NUFIP2,17.34224372,-8.941175257401
PPP4C,hsa-miR-490-3p,HMGA2,21.47801242,-4.9517692895624
PPP4C,hsa-miR-490-3p,HMGA2,-1.56521021,-4.9517692895624
PPP4C,hsa-miR-490-3p,HMGA2,11.604680152,-4.9517692895624
PPP4C,hsa-miR-490-3p,HMGA2,2.524767558,-4.9517692895624
PPP4C,hsa-miR-490-3p,HMGA2,17.34224372,-4.9517692895624
PPP4C,hsa-miR-490-3p,AHCTF1,21.47801242,-4.431203307256
PPP4C,hsa-miR-490-3p,AHCTF1,-1.56521021,-4.431203307256
PPP4C,hsa-miR-490-3p,AHCTF1,11.604680152,-4.431203307256
PPP4C,hsa-miR-490-3p,AHCTF1,2.524767558,-4.431203307256
PPP4C,hsa-miR-490-3p,AHCTF1,17.34224372,-4.431203307256
PPP4C,hsa-miR-490-3p,AKIRIN1,21.47801242,25.451880433203
PPP4C,hsa-miR-490-3p,AKIRIN1,-1.56521021,25.451880433203
PPP4C,hsa-miR-490-3p,AKIRIN1,11.604680152,25.451880433203
PPP4C,hsa-miR-490-3p,AKIRIN1,2.524767558,25.451880433203
PPP4C,hsa-miR-490-3p,AKIRIN1,17.34224372,25.451880433203
PPP4C,hsa-miR-490-3p,TGFBR1,21.47801242,-12.4430518484171
PPP4C,hsa-miR-490-3p,TGFBR1,-1.56521021,-12.4430518484171
PPP4C,hsa-miR-490-3p,TGFBR1,11.604680152,-12.4430518484171
PPP4C,hsa-miR-490-3p,TGFBR1,2.524767558,-12.4430518484171
PPP4C,hsa-miR-490-3p,TGFBR1,17.34224372,-12.4430518484171
PPP4C,hsa-miR-490-3p,YWHAE,21.47801242,52.266936457293
PPP4C,hsa-miR-490-3p,YWHAE,-1.56521021,52.266936457293
PPP4C,hsa-miR-490-3p,YWHAE,11.604680152,52.266936457293
PPP4C,hsa-miR-490-3p,YWHAE,2.524767558,52.266936457293
PPP4C,hsa-miR-490-3p,YWHAE,17.34224372,52.266936457293
PPP4C,hsa-miR-490-3p,AKIRIN2,21.47801242,29.2886724922781
PPP4C,hsa-miR-490-3p,AKIRIN2,-1.56521021,29.2886724922781
PPP4C,hsa-miR-490-3p,AKIRIN2,11.604680152,29.2886724922781
PPP4C,hsa-miR-490-3p,AKIRIN2,2.524767558,29.2886724922781
PPP4C,hsa-miR-490-3p,AKIRIN2,17.34224372,29.2886724922781
PPP4C,hsa-miR-490-3p,VDAC1,21.47801242,59.275231244081
PPP4C,hsa-miR-490-3p,VDAC1,-1.56521021,59.275231244081
PPP4C,hsa-miR-490-3p,VDAC1,11.604680152,59.275231244081
PPP4C,hsa-miR-490-3p,VDAC1,2.524767558,59.275231244081
PPP4C,hsa-miR-490-3p,VDAC1,17.34224372,59.275231244081
PPP4C,hsa-miR-490-3p,TNKS2,21.47801242,-1.6903795348873
PPP4C,hsa-miR-490-3p,TNKS2,-1.56521021,-1.6903795348873
PPP4C,hsa-miR-490-3p,TNKS2,11.604680152,-1.6903795348873
PPP4C,hsa-miR-490-3p,TNKS2,2.524767558,-1.6903795348873
PPP4C,hsa-miR-490-3p,TNKS2,17.34224372,-1.6903795348873
PPP4C,hsa-miR-490-3p,PAPOLA,21.47801242,24.638621479031
PPP4C,hsa-miR-490-3p,PAPOLA,-1.56521021,24.638621479031
PPP4C,hsa-miR-490-3p,PAPOLA,11.604680152,24.638621479031
PPP4C,hsa-miR-490-3p,PAPOLA,2.524767558,24.638621479031
PPP4C,hsa-miR-490-3p,PAPOLA,17.34224372,24.638621479031
PPP4C,hsa-miR-490-3p,TMED2,21.47801242,35.980855392393
PPP4C,hsa-miR-490-3p,TMED2,-1.56521021,35.980855392393
PPP4C,hsa-miR-490-3p,TMED2,11.604680152,35.980855392393
PPP4C,hsa-miR-490-3p,TMED2,2.524767558,35.980855392393
PPP4C,hsa-miR-490-3p,TMED2,17.34224372,35.980855392393
PPP4C,hsa-miR-490-3p,MORF4L2,21.47801242,31.187916093826
PPP4C,hsa-miR-490-3p,MORF4L2,-1.56521021,31.187916093826
PPP4C,hsa-miR-490-3p,MORF4L2,11.604680152,31.187916093826
PPP4C,hsa-miR-490-3p,MORF4L2,2.524767558,31.187916093826
PPP4C,hsa-miR-490-3p,MORF4L2,17.34224372,31.187916093826
PPP4C,hsa-miR-490-3p,UBA2,21.47801242,18.351945161739
PPP4C,hsa-miR-490-3p,UBA2,-1.56521021,18.351945161739
PPP4C,hsa-miR-490-3p,UBA2,11.604680152,18.351945161739
PPP4C,hsa-miR-490-3p,UBA2,2.524767558,18.351945161739
PPP4C,hsa-miR-490-3p,UBA2,17.34224372,18.351945161739
PPP4C,hsa-miR-490-3p,CDK2,21.47801242,4.7635096639208
PPP4C,hsa-miR-490-3p,CDK2,-1.56521021,4.7635096639208
PPP4C,hsa-miR-490-3p,CDK2,11.604680152,4.7635096639208
PPP4C,hsa-miR-490-3p,CDK2,2.524767558,4.7635096639208
PPP4C,hsa-miR-490-3p,CDK2,17.34224372,4.7635096639208
LTBP3,hsa-miR-149-3p,PSAP,3.80003639,485.28668116551
LTBP3,hsa-miR-149-3p,PSAP,-744.258489,485.28668116551
LTBP3,hsa-miR-149-3p,PSAP,1.304033736,485.28668116551
LTBP3,hsa-miR-149-3p,PSAP,4.464365228,485.28668116551
LTBP3,hsa-miR-149-3p,YWHAE,3.80003639,52.266936457293
LTBP3,hsa-miR-149-3p,YWHAE,-744.258489,52.266936457293
LTBP3,hsa-miR-149-3p,YWHAE,1.304033736,52.266936457293
LTBP3,hsa-miR-149-3p,YWHAE,4.464365228,52.266936457293
LTBP3,hsa-miR-149-3p,MKNK2,3.80003639,12.77754871433
LTBP3,hsa-miR-149-3p,MKNK2,-744.258489,12.77754871433
LTBP3,hsa-miR-149-3p,MKNK2,1.304033736,12.77754871433
LTBP3,hsa-miR-149-3p,MKNK2,4.464365228,12.77754871433
LTBP3,hsa-miR-149-3p,KHSRP,3.80003639,33.509124015646
LTBP3,hsa-miR-149-3p,KHSRP,-744.258489,33.509124015646
LTBP3,hsa-miR-149-3p,KHSRP,1.304033736,33.509124015646
LTBP3,hsa-miR-149-3p,KHSRP,4.464365228,33.509124015646
LTBP3,hsa-miR-149-3p,FGFR1,3.80003639,24.585127889861
LTBP3,hsa-miR-149-3p,FGFR1,-744.258489,24.585127889861
LTBP3,hsa-miR-149-3p,FGFR1,1.304033736,24.585127889861
LTBP3,hsa-miR-149-3p,FGFR1,4.464365228,24.585127889861
LTBP3,hsa-miR-149-3p,GPC1,3.80003639,5.5499954967613
LTBP3,hsa-miR-149-3p,GPC1,-744.258489,5.5499954967613
LTBP3,hsa-miR-149-3p,GPC1,1.304033736,5.5499954967613
LTBP3,hsa-miR-149-3p,GPC1,4.464365228,5.5499954967613
LTBP3,hsa-miR-149-3p,DEDD,3.80003639,9.8765574696136
LTBP3,hsa-miR-149-3p,DEDD,-744.258489,9.8765574696136
LTBP3,hsa-miR-149-3p,DEDD,1.304033736,9.8765574696136
LTBP3,hsa-miR-149-3p,DEDD,4.464365228,9.8765574696136
LTBP3,hsa-miR-149-3p,AGO2,3.80003639,4.34806946947398
LTBP3,hsa-miR-149-3p,AGO2,-744.258489,4.34806946947398
LTBP3,hsa-miR-149-3p,AGO2,1.304033736,4.34806946947398
LTBP3,hsa-miR-149-3p,AGO2,4.464365228,4.34806946947398
LTBP3,hsa-miR-149-3p,BCL2L2,3.80003639,-1.901102366244
LTBP3,hsa-miR-149-3p,BCL2L2,-744.258489,-1.901102366244
LTBP3,hsa-miR-149-3p,BCL2L2,1.304033736,-1.901102366244
LTBP3,hsa-miR-149-3p,BCL2L2,4.464365228,-1.901102366244
LTBP3,hsa-miR-149-3p,CALR,3.80003639,200.51745710666
LTBP3,hsa-miR-149-3p,CALR,-744.258489,200.51745710666
LTBP3,hsa-miR-149-3p,CALR,1.304033736,200.51745710666
LTBP3,hsa-miR-149-3p,CALR,4.464365228,200.51745710666
LTBP3,hsa-miR-149-3p,MAZ,3.80003639,13.539996919393
LTBP3,hsa-miR-149-3p,MAZ,-744.258489,13.539996919393
LTBP3,hsa-miR-149-3p,MAZ,1.304033736,13.539996919393
LTBP3,hsa-miR-149-3p,MAZ,4.464365228,13.539996919393
LTBP3,hsa-miR-149-3p,DDX6,3.80003639,17.544773281857
LTBP3,hsa-miR-149-3p,DDX6,-744.258489,17.544773281857
LTBP3,hsa-miR-149-3p,DDX6,1.304033736,17.544773281857
LTBP3,hsa-miR-149-3p,DDX6,4.464365228,17.544773281857
LTBP3,hsa-miR-149-3p,CDKN1B,3.80003639,6.1495644368832
LTBP3,hsa-miR-149-3p,CDKN1B,-744.258489,6.1495644368832
LTBP3,hsa-miR-149-3p,CDKN1B,1.304033736,6.1495644368832
LTBP3,hsa-miR-149-3p,CDKN1B,4.464365228,6.1495644368832
LTBP3,hsa-miR-149-3p,NR1H2,3.80003639,10.3624071173899
LTBP3,hsa-miR-149-3p,NR1H2,-744.258489,10.3624071173899
LTBP3,hsa-miR-149-3p,NR1H2,1.304033736,10.3624071173899
LTBP3,hsa-miR-149-3p,NR1H2,4.464365228,10.3624071173899
LTBP3,hsa-miR-149-3p,STMN1,3.80003639,15.4236384371736
LTBP3,hsa-miR-149-3p,STMN1,-744.258489,15.4236384371736
LTBP3,hsa-miR-149-3p,STMN1,1.304033736,15.4236384371736
LTBP3,hsa-miR-149-3p,STMN1,4.464365228,15.4236384371736
LTBP3,hsa-miR-149-3p,ALDOA,3.80003639,258.82493827372
LTBP3,hsa-miR-149-3p,ALDOA,-744.258489,258.82493827372
LTBP3,hsa-miR-149-3p,ALDOA,1.304033736,258.82493827372
LTBP3,hsa-miR-149-3p,ALDOA,4.464365228,258.82493827372
LTBP3,hsa-miR-149-3p,MYH14,3.80003639,1.33129743110613
LTBP3,hsa-miR-149-3p,MYH14,-744.258489,1.33129743110613
LTBP3,hsa-miR-149-3p,MYH14,1.304033736,1.33129743110613
LTBP3,hsa-miR-149-3p,MYH14,4.464365228,1.33129743110613
LTBP3,hsa-miR-149-3p,RNF38,3.80003639,1.9076528188143
LTBP3,hsa-miR-149-3p,RNF38,-744.258489,1.9076528188143
LTBP3,hsa-miR-149-3p,RNF38,1.304033736,1.9076528188143
LTBP3,hsa-miR-149-3p,RNF38,4.464365228,1.9076528188143
LTBP3,hsa-miR-149-3p,BTG2,3.80003639,107.032690707826
LTBP3,hsa-miR-149-3p,BTG2,-744.258489,107.032690707826
LTBP3,hsa-miR-149-3p,BTG2,1.304033736,107.032690707826
LTBP3,hsa-miR-149-3p,BTG2,4.464365228,107.032690707826
LTBP3,hsa-miR-149-3p,RPL15,3.80003639,172.931135561243
LTBP3,hsa-miR-149-3p,RPL15,-744.258489,172.931135561243
LTBP3,hsa-miR-149-3p,RPL15,1.304033736,172.931135561243
LTBP3,hsa-miR-149-3p,RPL15,4.464365228,172.931135561243
LTBP3,hsa-miR-149-3p,PLK1,3.80003639,1.1041958425381
LTBP3,hsa-miR-149-3p,PLK1,-744.258489,1.1041958425381
LTBP3,hsa-miR-149-3p,PLK1,1.304033736,1.1041958425381
LTBP3,hsa-miR-149-3p,PLK1,4.464365228,1.1041958425381
LTBP3,hsa-miR-149-3p,TOP1,3.80003639,18.695164540082
LTBP3,hsa-miR-149-3p,TOP1,-744.258489,18.695164540082
LTBP3,hsa-miR-149-3p,TOP1,1.304033736,18.695164540082
LTBP3,hsa-miR-149-3p,TOP1,4.464365228,18.695164540082
LTBP3,hsa-miR-149-3p,GGCX,3.80003639,1.0476587162232
LTBP3,hsa-miR-149-3p,GGCX,-744.258489,1.0476587162232
LTBP3,hsa-miR-149-3p,GGCX,1.304033736,1.0476587162232
LTBP3,hsa-miR-149-3p,GGCX,4.464365228,1.0476587162232
LTBP3,hsa-miR-149-3p,IRAK3,3.80003639,-1.2720011102787
LTBP3,hsa-miR-149-3p,IRAK3,-744.258489,-1.2720011102787
LTBP3,hsa-miR-149-3p,IRAK3,1.304033736,-1.2720011102787
LTBP3,hsa-miR-149-3p,IRAK3,4.464365228,-1.2720011102787
LTBP3,hsa-miR-149-3p,PDK2,3.80003639,3.4034539646302
LTBP3,hsa-miR-149-3p,PDK2,-744.258489,3.4034539646302
LTBP3,hsa-miR-149-3p,PDK2,1.304033736,3.4034539646302
LTBP3,hsa-miR-149-3p,PDK2,4.464365228,3.4034539646302
CLK1,hsa-mir-186-3p,NEK2,1.363171871,-1.37857493804425
CLK1,hsa-mir-186-3p,NEK2,1.437727697,-1.37857493804425
CLK1,hsa-mir-186-3p,NEK2,12.82748446,-1.37857493804425
CLK1,hsa-mir-186-3p,CPEB2,1.363171871,-16.7899128444813
CLK1,hsa-mir-186-3p,CPEB2,1.437727697,-16.7899128444813
CLK1,hsa-mir-186-3p,CPEB2,12.82748446,-16.7899128444813
CLK1,hsa-mir-186-3p,ABCF2,1.363171871,19.860668177047
CLK1,hsa-mir-186-3p,ABCF2,1.437727697,19.860668177047
CLK1,hsa-mir-186-3p,ABCF2,12.82748446,19.860668177047
CLK1,hsa-mir-186-3p,ABT1,1.363171871,5.7465590326863
CLK1,hsa-mir-186-3p,ABT1,1.437727697,5.7465590326863
CLK1,hsa-mir-186-3p,ABT1,12.82748446,5.7465590326863
CLK1,hsa-mir-186-3p,ACAA2,1.363171871,2.5402873169512
CLK1,hsa-mir-186-3p,ACAA2,1.437727697,2.5402873169512
CLK1,hsa-mir-186-3p,ACAA2,12.82748446,2.5402873169512
CLK1,hsa-mir-186-3p,AGO1,1.363171871,6.5846033355498
CLK1,hsa-mir-186-3p,AGO1,1.437727697,6.5846033355498
CLK1,hsa-mir-186-3p,AGO1,12.82748446,6.5846033355498
CLK1,hsa-mir-186-3p,AGO2,1.363171871,4.34806946947398
CLK1,hsa-mir-186-3p,AGO2,1.437727697,4.34806946947398
CLK1,hsa-mir-186-3p,AGO2,12.82748446,4.34806946947398
CLK1,hsa-mir-186-3p,AHCTF1,1.363171871,-4.431203307256
CLK1,hsa-mir-186-3p,AHCTF1,1.437727697,-4.431203307256
CLK1,hsa-mir-186-3p,AHCTF1,12.82748446,-4.431203307256
CLK1,hsa-mir-186-3p,AKR1A1,1.363171871,7.0092741968424
CLK1,hsa-mir-186-3p,AKR1A1,1.437727697,7.0092741968424
CLK1,hsa-mir-186-3p,AKR1A1,12.82748446,7.0092741968424
CLK1,hsa-mir-186-3p,ALDH16A1,1.363171871,8.0416125461453
CLK1,hsa-mir-186-3p,ALDH16A1,1.437727697,8.0416125461453
CLK1,hsa-mir-186-3p,ALDH16A1,12.82748446,8.0416125461453
CLK1,hsa-mir-186-3p,AMBRA1,1.363171871,1.0614573145711
CLK1,hsa-mir-186-3p,AMBRA1,1.437727697,1.0614573145711
CLK1,hsa-mir-186-3p,AMBRA1,12.82748446,1.0614573145711
CLK1,hsa-mir-186-3p,AMZ1,1.363171871,-1.20406388304445
CLK1,hsa-mir-186-3p,AMZ1,1.437727697,-1.20406388304445
CLK1,hsa-mir-186-3p,AMZ1,12.82748446,-1.20406388304445
CLK1,hsa-mir-186-3p,ANKRD11,1.363171871,5.8745139749156
CLK1,hsa-mir-186-3p,ANKRD11,1.437727697,5.8745139749156
CLK1,hsa-mir-186-3p,ANKRD11,12.82748446,5.8745139749156
CLK1,hsa-mir-186-3p,ANKRD17,1.363171871,1.541838601029
CLK1,hsa-mir-186-3p,ANKRD17,1.437727697,1.541838601029
CLK1,hsa-mir-186-3p,ANKRD17,12.82748446,1.541838601029
CLK1,hsa-mir-186-3p,ANKZF1,1.363171871,5.5402461723575
CLK1,hsa-mir-186-3p,ANKZF1,1.437727697,5.5402461723575
CLK1,hsa-mir-186-3p,ANKZF1,12.82748446,5.5402461723575
CLK1,hsa-mir-186-3p,ANTXR2,1.363171871,25.714419750469
CLK1,hsa-mir-186-3p,ANTXR2,1.437727697,25.714419750469
CLK1,hsa-mir-186-3p,ANTXR2,12.82748446,25.714419750469
CLK1,hsa-mir-186-3p,APEH,1.363171871,7.628444466969
CLK1,hsa-mir-186-3p,APEH,1.437727697,7.628444466969
CLK1,hsa-mir-186-3p,APEH,12.82748446,7.628444466969
CLK1,hsa-mir-186-3p,ARL5B,1.363171871,3.4488226791665
CLK1,hsa-mir-186-3p,ARL5B,1.437727697,3.4488226791665
CLK1,hsa-mir-186-3p,ARL5B,12.82748446,3.4488226791665
CLK1,hsa-mir-186-3p,ARL6IP4,1.363171871,12.2049345569739
CLK1,hsa-mir-186-3p,ARL6IP4,1.437727697,12.2049345569739
CLK1,hsa-mir-186-3p,ARL6IP4,12.82748446,12.2049345569739
CLK1,hsa-mir-186-3p,ARRB1,1.363171871,22.788174527208
CLK1,hsa-mir-186-3p,ARRB1,1.437727697,22.788174527208
CLK1,hsa-mir-186-3p,ARRB1,12.82748446,22.788174527208
CLK1,hsa-mir-186-3p,ATL3,1.363171871,-9.90908329489561
CLK1,hsa-mir-186-3p,ATL3,1.437727697,-9.90908329489561
CLK1,hsa-mir-186-3p,ATL3,12.82748446,-9.90908329489561
CLK1,hsa-mir-186-3p,ATP1B3,1.363171871,47.607475741551
CLK1,hsa-mir-186-3p,ATP1B3,1.437727697,47.607475741551
CLK1,hsa-mir-186-3p,ATP1B3,12.82748446,47.607475741551
CLK1,hsa-mir-186-3p,BHLHE41,1.363171871,3.23098070997531
CLK1,hsa-mir-186-3p,BHLHE41,1.437727697,3.23098070997531
CLK1,hsa-mir-186-3p,BHLHE41,12.82748446,3.23098070997531
CLK1,hsa-mir-186-3p,BICD1,1.363171871,1.79550794853232
CLK1,hsa-mir-186-3p,BICD1,1.437727697,1.79550794853232
CLK1,hsa-mir-186-3p,BICD1,12.82748446,1.79550794853232
CLK1,hsa-mir-186-3p,BRCA1,1.363171871,1.7920773875583
CLK1,hsa-mir-186-3p,BRCA1,1.437727697,1.7920773875583
CLK1,hsa-mir-186-3p,BRCA1,12.82748446,1.7920773875583
CLK1,hsa-mir-186-3p,BTF3L4,1.363171871,16.6691507687533
CLK1,hsa-mir-186-3p,BTF3L4,1.437727697,16.6691507687533
CLK1,hsa-mir-186-3p,BTF3L4,12.82748446,16.6691507687533
CLK1,hsa-mir-186-3p,BUB1,1.363171871,1.5624482936183
CLK1,hsa-mir-186-3p,BUB1,1.437727697,1.5624482936183
CLK1,hsa-mir-186-3p,BUB1,12.82748446,1.5624482936183
CLK1,hsa-mir-186-3p,CAD,1.363171871,9.37267828811071
CLK1,hsa-mir-186-3p,CAD,1.437727697,9.37267828811071
CLK1,hsa-mir-186-3p,CAD,12.82748446,9.37267828811071
CLK1,hsa-mir-186-3p,CAMK2B,1.363171871,1.3865444779894
CLK1,hsa-mir-186-3p,CAMK2B,1.437727697,1.3865444779894
CLK1,hsa-mir-186-3p,CAMK2B,12.82748446,1.3865444779894
CLK1,hsa-mir-186-3p,CAND1,1.363171871,4.18875239923649
CLK1,hsa-mir-186-3p,CAND1,1.437727697,4.18875239923649
CLK1,hsa-mir-186-3p,CAND1,12.82748446,4.18875239923649
CLK1,hsa-mir-186-3p,CBR1,1.363171871,2.07342028621
CLK1,hsa-mir-186-3p,CBR1,1.437727697,2.07342028621
CLK1,hsa-mir-186-3p,CBR1,12.82748446,2.07342028621
CLK1,hsa-mir-186-3p,CBX3,1.363171871,15.5365573551147
CLK1,hsa-mir-186-3p,CBX3,1.437727697,15.5365573551147
CLK1,hsa-mir-186-3p,CBX3,12.82748446,15.5365573551147
CLK1,hsa-mir-186-3p,CCAR1,1.363171871,2.4547075798198
CLK1,hsa-mir-186-3p,CCAR1,1.437727697,2.4547075798198
CLK1,hsa-mir-186-3p,CCAR1,12.82748446,2.4547075798198
CLK1,hsa-mir-186-3p,CCT4,1.363171871,40.554841677986
CSNK1D,hsa-miR-211-3p,CDK6,22.06732327,-16.7170574918031
CSNK1D,hsa-miR-211-3p,CDK6,108.76818954,-16.7170574918031
CSNK1D,hsa-miR-211-3p,SEC11A,22.06732327,22.000272232778
CSNK1D,hsa-miR-211-3p,SEC11A,108.76818954,22.000272232778
CSNK1D,hsa-miR-211-3p,CD44,22.06732327,74.038922329054
CSNK1D,hsa-miR-211-3p,CD44,108.76818954,74.038922329054
CSNK1D,hsa-miR-211-3p,HIST1H2AH,22.06732327,13.7806153894615
CSNK1D,hsa-miR-211-3p,HIST1H2AH,108.76818954,13.7806153894615
CSNK1D,hsa-miR-211-3p,EEF1A1,22.06732327,2735.5099217931
CSNK1D,hsa-miR-211-3p,EEF1A1,108.76818954,2735.5099217931
CSNK1D,hsa-miR-211-3p,FBXO41,22.06732327,-1.8742265637156
CSNK1D,hsa-miR-211-3p,FBXO41,108.76818954,-1.8742265637156
CSNK1D,hsa-miR-211-3p,SCD,22.06732327,72.218781740734
CSNK1D,hsa-miR-211-3p,SCD,108.76818954,72.218781740734
CSNK1D,hsa-miR-211-3p,CHST3,22.06732327,-1.46779059854464
CSNK1D,hsa-miR-211-3p,CHST3,108.76818954,-1.46779059854464
CSNK1D,hsa-miR-211-3p,HUWE1,22.06732327,54.872041109882
CSNK1D,hsa-miR-211-3p,HUWE1,108.76818954,54.872041109882
CSNK1D,hsa-miR-211-3p,HIVEP3,22.06732327,3.2270077904829
CSNK1D,hsa-miR-211-3p,HIVEP3,108.76818954,3.2270077904829
CSNK1D,hsa-miR-211-3p,FKBP1A,22.06732327,21.499952620193
CSNK1D,hsa-miR-211-3p,FKBP1A,108.76818954,21.499952620193
CSNK1D,hsa-miR-211-3p,SGSM2,22.06732327,-1.8872774411503
CSNK1D,hsa-miR-211-3p,SGSM2,108.76818954,-1.8872774411503
CSNK1D,hsa-miR-211-3p,WDTC1,22.06732327,1.1978214740665
CSNK1D,hsa-miR-211-3p,WDTC1,108.76818954,1.1978214740665
CSNK1D,hsa-miR-211-3p,MYPOP,22.06732327,1.49237058484174
CSNK1D,hsa-miR-211-3p,MYPOP,108.76818954,1.49237058484174
CSNK1D,hsa-miR-211-3p,E2F1,22.06732327,1.2443512600913
CSNK1D,hsa-miR-211-3p,E2F1,108.76818954,1.2443512600913
CSNK1D,hsa-miR-211-3p,SET,22.06732327,52.169724930101
CSNK1D,hsa-miR-211-3p,SET,108.76818954,52.169724930101
CSNK1D,hsa-miR-211-3p,EMC8,22.06732327,1.7008239267129
CSNK1D,hsa-miR-211-3p,EMC8,108.76818954,1.7008239267129
CSNK1D,hsa-miR-211-3p,MLLT1,22.06732327,6.0746634065034
CSNK1D,hsa-miR-211-3p,MLLT1,108.76818954,6.0746634065034
CSNK1D,hsa-miR-211-3p,COMMD5,22.06732327,5.1259433484388
CSNK1D,hsa-miR-211-3p,COMMD5,108.76818954,5.1259433484388
CSNK1D,hsa-miR-211-3p,DNAJC5,22.06732327,-1.85576260423898
CSNK1D,hsa-miR-211-3p,DNAJC5,108.76818954,-1.85576260423898
CSNK1D,hsa-miR-211-3p,PUM2,22.06732327,3.48273863929221
CSNK1D,hsa-miR-211-3p,PUM2,108.76818954,3.48273863929221
CSNK1D,hsa-miR-211-3p,ATXN7L3B,22.06732327,14.3080161669703
CSNK1D,hsa-miR-211-3p,ATXN7L3B,108.76818954,14.3080161669703
CSNK1D,hsa-miR-211-3p,CYLD,22.06732327,7.21471032831469
CSNK1D,hsa-miR-211-3p,CYLD,108.76818954,7.21471032831469
CSNK1D,hsa-miR-211-3p,CD93,22.06732327,-3.83372482097101
CSNK1D,hsa-miR-211-3p,CD93,108.76818954,-3.83372482097101
CSNK1D,hsa-miR-211-3p,CPNE2,22.06732327,20.837114439751
CSNK1D,hsa-miR-211-3p,CPNE2,108.76818954,20.837114439751
CSNK1D,hsa-miR-211-3p,FAM193A,22.06732327,-2.911646250508
CSNK1D,hsa-miR-211-3p,FAM193A,108.76818954,-2.911646250508
CSNK1D,hsa-miR-211-3p,GGA2,22.06732327,-8.8640810919874
CSNK1D,hsa-miR-211-3p,GGA2,108.76818954,-8.8640810919874
CSNK1D,hsa-miR-211-3p,IPO13,22.06732327,9.2911741516692
CSNK1D,hsa-miR-211-3p,IPO13,108.76818954,9.2911741516692
CSNK1D,hsa-miR-211-3p,NMT1,22.06732327,13.4865559837133
CSNK1D,hsa-miR-211-3p,NMT1,108.76818954,13.4865559837133
CSNK1D,hsa-miR-211-3p,SMG7,22.06732327,2.6179738685892
CSNK1D,hsa-miR-211-3p,SMG7,108.76818954,2.6179738685892
CSNK1D,hsa-miR-211-3p,RABEPK,22.06732327,2.0513678052848
CSNK1D,hsa-miR-211-3p,RABEPK,108.76818954,2.0513678052848
CSNK1D,hsa-miR-211-3p,FADS3,22.06732327,4.01271957566441
CSNK1D,hsa-miR-211-3p,FADS3,108.76818954,4.01271957566441
CSNK1D,hsa-miR-211-3p,FNBP4,22.06732327,-1.3609850816384
CSNK1D,hsa-miR-211-3p,FNBP4,108.76818954,-1.3609850816384
CSNK1D,hsa-miR-211-3p,IPPK,22.06732327,1.5942500989473
CSNK1D,hsa-miR-211-3p,IPPK,108.76818954,1.5942500989473
CSNK1D,hsa-miR-211-3p,SV2B,22.06732327,-2.55462827381756
CSNK1D,hsa-miR-211-3p,SV2B,108.76818954,-2.55462827381756
CSNK1D,hsa-miR-211-3p,TBC1D22B,22.06732327,2.8549537895042
CSNK1D,hsa-miR-211-3p,TBC1D22B,108.76818954,2.8549537895042
CSNK1D,hsa-miR-211-3p,VCAM1,22.06732327,1.41189851194552
CSNK1D,hsa-miR-211-3p,VCAM1,108.76818954,1.41189851194552
CSNK1D,hsa-miR-211-3p,GATAD2A,22.06732327,6.64931536420499
CSNK1D,hsa-miR-211-3p,GATAD2A,108.76818954,6.64931536420499
CSNK1D,hsa-miR-211-3p,MYO1C,22.06732327,5.4316082175013
CSNK1D,hsa-miR-211-3p,MYO1C,108.76818954,5.4316082175013
CSNK1D,hsa-miR-211-3p,ANGEL1,22.06732327,7.511141904746
CSNK1D,hsa-miR-211-3p,ANGEL1,108.76818954,7.511141904746
CSNK1D,hsa-miR-211-3p,ARL6IP1,22.06732327,28.305957493851
CSNK1D,hsa-miR-211-3p,ARL6IP1,108.76818954,28.305957493851
CSNK1D,hsa-miR-211-3p,CAPZB,22.06732327,44.020972496712
CSNK1D,hsa-miR-211-3p,CAPZB,108.76818954,44.020972496712
CSNK1D,hsa-miR-211-3p,SERBP1,22.06732327,40.864066115966
CSNK1D,hsa-miR-211-3p,SERBP1,108.76818954,40.864066115966
CSNK1D,hsa-miR-211-3p,ADAT1,22.06732327,-1.0043541287775
CSNK1D,hsa-miR-211-3p,ADAT1,108.76818954,-1.0043541287775
CSNK1D,hsa-miR-211-3p,CTDSP1,22.06732327,3.800861999565
CSNK1D,hsa-miR-211-3p,CTDSP1,108.76818954,3.800861999565
CSNK1D,hsa-miR-211-3p,SLC39A4,22.06732327,3.79910854185204
CSNK1D,hsa-miR-211-3p,SLC39A4,108.76818954,3.79910854185204
CSNK1D,hsa-miR-211-3p,CAMSAP2,22.06732327,2.5611787263879
CSNK1D,hsa-miR-211-3p,CAMSAP2,108.76818954,2.5611787263879
CSNK1D,hsa-miR-211-3p,SUMO1,22.06732327,15.1941383511768
CSNK1D,hsa-miR-211-3p,SUMO1,108.76818954,15.1941383511768
CSNK1D,hsa-miR-211-3p,WDR77,22.06732327,-3.0974547252296
CSNK1D,hsa-miR-211-3p,WDR77,108.76818954,-3.0974547252296
CSNK1D,hsa-miR-211-3p,ABI2,22.06732327,1.9552910228363
CSNK1D,hsa-miR-211-3p,ABI2,108.76818954,1.9552910228363
LONP2,hsa-miR-363-5p,TRIM33,-8.52604024,3.5725993395084
LONP2,hsa-miR-363-5p,TRIM33,2.090779807,3.5725993395084
LONP2,hsa-miR-363-5p,TRIM33,2.984987573,3.5725993395084
LONP2,hsa-miR-363-5p,TRIM33,1.446471785,3.5725993395084
LONP2,hsa-miR-363-5p,TMBIM6,-8.52604024,59.380796709262
LONP2,hsa-miR-363-5p,TMBIM6,2.090779807,59.380796709262
LONP2,hsa-miR-363-5p,TMBIM6,2.984987573,59.380796709262
LONP2,hsa-miR-363-5p,TMBIM6,1.446471785,59.380796709262
LONP2,hsa-miR-363-5p,TPM3,-8.52604024,78.0536718277079
LONP2,hsa-miR-363-5p,TPM3,2.090779807,78.0536718277079
LONP2,hsa-miR-363-5p,TPM3,2.984987573,78.0536718277079
LONP2,hsa-miR-363-5p,TPM3,1.446471785,78.0536718277079
LONP2,hsa-miR-363-5p,GBA2,-8.52604024,10.340896994983
LONP2,hsa-miR-363-5p,GBA2,2.090779807,10.340896994983
LONP2,hsa-miR-363-5p,GBA2,2.984987573,10.340896994983
LONP2,hsa-miR-363-5p,GBA2,1.446471785,10.340896994983
LONP2,hsa-miR-363-5p,IFI30,-8.52604024,144.078020625189
LONP2,hsa-miR-363-5p,IFI30,2.090779807,144.078020625189
LONP2,hsa-miR-363-5p,IFI30,2.984987573,144.078020625189
LONP2,hsa-miR-363-5p,IFI30,1.446471785,144.078020625189
LONP2,hsa-miR-363-5p,PKM,-8.52604024,919.72053859588
LONP2,hsa-miR-363-5p,PKM,2.090779807,919.72053859588
LONP2,hsa-miR-363-5p,PKM,2.984987573,919.72053859588
LONP2,hsa-miR-363-5p,PKM,1.446471785,919.72053859588
LONP2,hsa-miR-363-5p,APOBEC3G,-8.52604024,3.7590528539458
LONP2,hsa-miR-363-5p,APOBEC3G,2.090779807,3.7590528539458
LONP2,hsa-miR-363-5p,APOBEC3G,2.984987573,3.7590528539458
LONP2,hsa-miR-363-5p,APOBEC3G,1.446471785,3.7590528539458
LONP2,hsa-miR-363-5p,ARL6IP5,-8.52604024,23.4874587989326
LONP2,hsa-miR-363-5p,ARL6IP5,2.090779807,23.4874587989326
LONP2,hsa-miR-363-5p,ARL6IP5,2.984987573,23.4874587989326
LONP2,hsa-miR-363-5p,ARL6IP5,1.446471785,23.4874587989326
LONP2,hsa-miR-363-5p,BSG,-8.52604024,136.163925969738
LONP2,hsa-miR-363-5p,BSG,2.090779807,136.163925969738
LONP2,hsa-miR-363-5p,BSG,2.984987573,136.163925969738
LONP2,hsa-miR-363-5p,BSG,1.446471785,136.163925969738
LONP2,hsa-miR-363-5p,C5orf51,-8.52604024,4.2231080366831
LONP2,hsa-miR-363-5p,C5orf51,2.090779807,4.2231080366831
LONP2,hsa-miR-363-5p,C5orf51,2.984987573,4.2231080366831
LONP2,hsa-miR-363-5p,C5orf51,1.446471785,4.2231080366831
LONP2,hsa-miR-363-5p,CDK16,-8.52604024,14.6270162560997
LONP2,hsa-miR-363-5p,CDK16,2.090779807,14.6270162560997
LONP2,hsa-miR-363-5p,CDK16,2.984987573,14.6270162560997
LONP2,hsa-miR-363-5p,CDK16,1.446471785,14.6270162560997
LONP2,hsa-miR-363-5p,CDKN1A,-8.52604024,312.55835154917
LONP2,hsa-miR-363-5p,CDKN1A,2.090779807,312.55835154917
LONP2,hsa-miR-363-5p,CDKN1A,2.984987573,312.55835154917
LONP2,hsa-miR-363-5p,CDKN1A,1.446471785,312.55835154917
LONP2,hsa-miR-363-5p,CLCF1,-8.52604024,1.48932704769718
LONP2,hsa-miR-363-5p,CLCF1,2.090779807,1.48932704769718
LONP2,hsa-miR-363-5p,CLCF1,2.984987573,1.48932704769718
LONP2,hsa-miR-363-5p,CLCF1,1.446471785,1.48932704769718
LONP2,hsa-miR-363-5p,CXXC5,-8.52604024,17.902436298264
LONP2,hsa-miR-363-5p,CXXC5,2.090779807,17.902436298264
LONP2,hsa-miR-363-5p,CXXC5,2.984987573,17.902436298264
LONP2,hsa-miR-363-5p,CXXC5,1.446471785,17.902436298264
LONP2,hsa-miR-363-5p,DENND4B,-8.52604024,5.902008490414
LONP2,hsa-miR-363-5p,DENND4B,2.090779807,5.902008490414
LONP2,hsa-miR-363-5p,DENND4B,2.984987573,5.902008490414
LONP2,hsa-miR-363-5p,DENND4B,1.446471785,5.902008490414
LONP2,hsa-miR-363-5p,HBS1L,-8.52604024,8.3411903409186
LONP2,hsa-miR-363-5p,HBS1L,2.090779807,8.3411903409186
LONP2,hsa-miR-363-5p,HBS1L,2.984987573,8.3411903409186
LONP2,hsa-miR-363-5p,HBS1L,1.446471785,8.3411903409186
LONP2,hsa-miR-363-5p,HUWE1,-8.52604024,54.872041109882
LONP2,hsa-miR-363-5p,HUWE1,2.090779807,54.872041109882
LONP2,hsa-miR-363-5p,HUWE1,2.984987573,54.872041109882
LONP2,hsa-miR-363-5p,HUWE1,1.446471785,54.872041109882
LONP2,hsa-miR-363-5p,IFI16,-8.52604024,17.667623185636
LONP2,hsa-miR-363-5p,IFI16,2.090779807,17.667623185636
LONP2,hsa-miR-363-5p,IFI16,2.984987573,17.667623185636
LONP2,hsa-miR-363-5p,IFI16,1.446471785,17.667623185636
LONP2,hsa-miR-363-5p,NSD1,-8.52604024,-9.6978181050205
LONP2,hsa-miR-363-5p,NSD1,2.090779807,-9.6978181050205
LONP2,hsa-miR-363-5p,NSD1,2.984987573,-9.6978181050205
LONP2,hsa-miR-363-5p,NSD1,1.446471785,-9.6978181050205
LONP2,hsa-miR-363-5p,PCBP1,-8.52604024,47.09204112444
LONP2,hsa-miR-363-5p,PCBP1,2.090779807,47.09204112444
LONP2,hsa-miR-363-5p,PCBP1,2.984987573,47.09204112444
LONP2,hsa-miR-363-5p,PCBP1,1.446471785,47.09204112444
LONP2,hsa-miR-363-5p,POU2AF1,-8.52604024,-3.62537153451123
LONP2,hsa-miR-363-5p,POU2AF1,2.090779807,-3.62537153451123
LONP2,hsa-miR-363-5p,POU2AF1,2.984987573,-3.62537153451123
LONP2,hsa-miR-363-5p,POU2AF1,1.446471785,-3.62537153451123
LONP2,hsa-miR-363-5p,PRKAB2,-8.52604024,2.5027854611626
LONP2,hsa-miR-363-5p,PRKAB2,2.090779807,2.5027854611626
LONP2,hsa-miR-363-5p,PRKAB2,2.984987573,2.5027854611626
LONP2,hsa-miR-363-5p,PRKAB2,1.446471785,2.5027854611626
LONP2,hsa-miR-363-5p,RAB11FIP2,-8.52604024,1.8084298180239
LONP2,hsa-miR-363-5p,RAB11FIP2,2.090779807,1.8084298180239
LONP2,hsa-miR-363-5p,RAB11FIP2,2.984987573,1.8084298180239
LONP2,hsa-miR-363-5p,RAB11FIP2,1.446471785,1.8084298180239
LONP2,hsa-miR-363-5p,SRRM1,-8.52604024,9.1748509994998
LONP2,hsa-miR-363-5p,SRRM1,2.090779807,9.1748509994998
LONP2,hsa-miR-363-5p,SRRM1,2.984987573,9.1748509994998
LONP2,hsa-miR-363-5p,SRRM1,1.446471785,9.1748509994998
LONP2,hsa-miR-363-5p,TET2,-8.52604024,1.32820124047021
LONP2,hsa-miR-363-5p,TET2,2.090779807,1.32820124047021
LONP2,hsa-miR-363-5p,TET2,2.984987573,1.32820124047021
LONP2,hsa-miR-363-5p,TET2,1.446471785,1.32820124047021
MRPS25,hsa-miR-532-3p,PURB,162.4471096,-3.09103328060201
MRPS25,hsa-miR-532-3p,PURB,36.94807854,-3.09103328060201
MRPS25,hsa-miR-532-3p,PURB,-1.51481616,-3.09103328060201
MRPS25,hsa-miR-532-3p,APP,162.4471096,29.978152160322
MRPS25,hsa-miR-532-3p,APP,36.94807854,29.978152160322
MRPS25,hsa-miR-532-3p,APP,-1.51481616,29.978152160322
MRPS25,hsa-miR-532-3p,ZFP91,162.4471096,11.529793220011
MRPS25,hsa-miR-532-3p,ZFP91,36.94807854,11.529793220011
MRPS25,hsa-miR-532-3p,ZFP91,-1.51481616,11.529793220011
MRPS25,hsa-miR-532-3p,INPP5A,162.4471096,4.2952498725504
MRPS25,hsa-miR-532-3p,INPP5A,36.94807854,4.2952498725504
MRPS25,hsa-miR-532-3p,INPP5A,-1.51481616,4.2952498725504
MRPS25,hsa-miR-532-3p,DCTN4,162.4471096,14.4599850360181
MRPS25,hsa-miR-532-3p,DCTN4,36.94807854,14.4599850360181
MRPS25,hsa-miR-532-3p,DCTN4,-1.51481616,14.4599850360181
MRPS25,hsa-miR-532-3p,TET3,162.4471096,-8.2531120509464
MRPS25,hsa-miR-532-3p,TET3,36.94807854,-8.2531120509464
MRPS25,hsa-miR-532-3p,TET3,-1.51481616,-8.2531120509464
MRPS25,hsa-miR-532-3p,FRAT2,162.4471096,4.2463215890969
MRPS25,hsa-miR-532-3p,FRAT2,36.94807854,4.2463215890969
MRPS25,hsa-miR-532-3p,FRAT2,-1.51481616,4.2463215890969
MRPS25,hsa-miR-532-3p,ZC3H12C,162.4471096,-19.714480964481
MRPS25,hsa-miR-532-3p,ZC3H12C,36.94807854,-19.714480964481
MRPS25,hsa-miR-532-3p,ZC3H12C,-1.51481616,-19.714480964481
MRPS25,hsa-miR-532-3p,DDOST,162.4471096,17.408045799493
MRPS25,hsa-miR-532-3p,DDOST,36.94807854,17.408045799493
MRPS25,hsa-miR-532-3p,DDOST,-1.51481616,17.408045799493
MRPS25,hsa-miR-532-3p,NAP1L1,162.4471096,42.467807523431
MRPS25,hsa-miR-532-3p,NAP1L1,36.94807854,42.467807523431
MRPS25,hsa-miR-532-3p,NAP1L1,-1.51481616,42.467807523431
MRPS25,hsa-miR-532-3p,PDE7A,162.4471096,-3.0331797481101
MRPS25,hsa-miR-532-3p,PDE7A,36.94807854,-3.0331797481101
MRPS25,hsa-miR-532-3p,PDE7A,-1.51481616,-3.0331797481101
MRPS25,hsa-miR-532-3p,UBE3C,162.4471096,7.813684256427
MRPS25,hsa-miR-532-3p,UBE3C,36.94807854,7.813684256427
MRPS25,hsa-miR-532-3p,UBE3C,-1.51481616,7.813684256427
MRPS25,hsa-miR-532-3p,PAFAH1B2,162.4471096,20.2999380110922
MRPS25,hsa-miR-532-3p,PAFAH1B2,36.94807854,20.2999380110922
MRPS25,hsa-miR-532-3p,PAFAH1B2,-1.51481616,20.2999380110922
MRPS25,hsa-miR-532-3p,ACSL4,162.4471096,33.870420329636
MRPS25,hsa-miR-532-3p,ACSL4,36.94807854,33.870420329636
MRPS25,hsa-miR-532-3p,ACSL4,-1.51481616,33.870420329636
MRPS25,hsa-miR-532-3p,ETHE1,162.4471096,22.283884620916
MRPS25,hsa-miR-532-3p,ETHE1,36.94807854,22.283884620916
MRPS25,hsa-miR-532-3p,ETHE1,-1.51481616,22.283884620916
MRPS25,hsa-miR-532-3p,LDLR,162.4471096,4.5427268387824
MRPS25,hsa-miR-532-3p,LDLR,36.94807854,4.5427268387824
MRPS25,hsa-miR-532-3p,LDLR,-1.51481616,4.5427268387824
MRPS25,hsa-miR-532-3p,TMEM177,162.4471096,-1.79298044316042
MRPS25,hsa-miR-532-3p,TMEM177,36.94807854,-1.79298044316042
MRPS25,hsa-miR-532-3p,TMEM177,-1.51481616,-1.79298044316042
MRPS25,hsa-miR-532-3p,NPTN,162.4471096,32.582688127647
MRPS25,hsa-miR-532-3p,NPTN,36.94807854,32.582688127647
MRPS25,hsa-miR-532-3p,NPTN,-1.51481616,32.582688127647
MRPS25,hsa-miR-532-3p,HSP90B1,162.4471096,33.943644256755
MRPS25,hsa-miR-532-3p,HSP90B1,36.94807854,33.943644256755
MRPS25,hsa-miR-532-3p,HSP90B1,-1.51481616,33.943644256755
MRPS25,hsa-miR-532-3p,CSNK1A1,162.4471096,53.95654194452
MRPS25,hsa-miR-532-3p,CSNK1A1,36.94807854,53.95654194452
MRPS25,hsa-miR-532-3p,CSNK1A1,-1.51481616,53.95654194452
MRPS25,hsa-miR-532-3p,ABI2,162.4471096,1.9552910228363
MRPS25,hsa-miR-532-3p,ABI2,36.94807854,1.9552910228363
MRPS25,hsa-miR-532-3p,ABI2,-1.51481616,1.9552910228363
MRPS25,hsa-miR-532-3p,ELL,162.4471096,2.160211122536
MRPS25,hsa-miR-532-3p,ELL,36.94807854,2.160211122536
MRPS25,hsa-miR-532-3p,ELL,-1.51481616,2.160211122536
MRPS25,hsa-miR-532-3p,ATP13A3,162.4471096,24.961170633936
MRPS25,hsa-miR-532-3p,ATP13A3,36.94807854,24.961170633936
MRPS25,hsa-miR-532-3p,ATP13A3,-1.51481616,24.961170633936
MRPS25,hsa-miR-532-3p,FOSL2,162.4471096,-6.865948859987
MRPS25,hsa-miR-532-3p,FOSL2,36.94807854,-6.865948859987
MRPS25,hsa-miR-532-3p,FOSL2,-1.51481616,-6.865948859987
MRPS25,hsa-miR-532-3p,WAC,162.4471096,7.927145532886
MRPS25,hsa-miR-532-3p,WAC,36.94807854,7.927145532886
MRPS25,hsa-miR-532-3p,WAC,-1.51481616,7.927145532886
MRPS25,hsa-miR-532-3p,CPD,162.4471096,6.112241616744
MRPS25,hsa-miR-532-3p,CPD,36.94807854,6.112241616744
MRPS25,hsa-miR-532-3p,CPD,-1.51481616,6.112241616744
MRPS25,hsa-miR-532-3p,NPTX1,162.4471096,-1.5992287552394
MRPS25,hsa-miR-532-3p,NPTX1,36.94807854,-1.5992287552394
MRPS25,hsa-miR-532-3p,NPTX1,-1.51481616,-1.5992287552394
MRPS25,hsa-miR-532-3p,BCL2L2-PABPN1,162.4471096,1.56595520904411
MRPS25,hsa-miR-532-3p,BCL2L2-PABPN1,36.94807854,1.56595520904411
MRPS25,hsa-miR-532-3p,BCL2L2-PABPN1,-1.51481616,1.56595520904411
MRPS25,hsa-miR-532-3p,MORF4L2,162.4471096,31.187916093826
MRPS25,hsa-miR-532-3p,MORF4L2,36.94807854,31.187916093826
MRPS25,hsa-miR-532-3p,MORF4L2,-1.51481616,31.187916093826
MRPS25,hsa-miR-532-3p,CTNNB1,162.4471096,72.024327108034
MRPS25,hsa-miR-532-3p,CTNNB1,36.94807854,72.024327108034
MRPS25,hsa-miR-532-3p,CTNNB1,-1.51481616,72.024327108034
MRPS25,hsa-miR-532-3p,ADAMTS1,162.4471096,15.817744919078
MRPS25,hsa-miR-532-3p,ADAMTS1,36.94807854,15.817744919078
MRPS25,hsa-miR-532-3p,ADAMTS1,-1.51481616,15.817744919078
MRPS25,hsa-miR-532-3p,CDC37L1,162.4471096,2.2930420398597
MRPS25,hsa-miR-532-3p,CDC37L1,36.94807854,2.2930420398597
MRPS25,hsa-miR-532-3p,CDC37L1,-1.51481616,2.2930420398597
MRPS25,hsa-miR-532-3p,AHNAK,162.4471096,-35.9658377486101
MRPS25,hsa-miR-532-3p,AHNAK,36.94807854,-35.9658377486101
MRPS25,hsa-miR-532-3p,AHNAK,-1.51481616,-35.9658377486101
MRPS25,hsa-miR-532-3p,FBXL19,162.4471096,3.03892982627569
SLC35F5,hsa-let-7a-2,CEBPA,7.10947954,14.616053206716
SLC35F5,hsa-let-7a-2,CEBPA,17.43428773,14.616053206716
SLC35F5,hsa-let-7a-2,CEBPA,-2.873384909,14.616053206716
SLC35F5,hsa-let-7a-2,CEBPA,10.16902294,14.616053206716
SLC35F5,hsa-let-7a-2,CEBPA,8.084916739,14.616053206716
SLC35F5,hsa-let-7a-2,CTCF,7.10947954,5.0442075228566
SLC35F5,hsa-let-7a-2,CTCF,17.43428773,5.0442075228566
SLC35F5,hsa-let-7a-2,CTCF,-2.873384909,5.0442075228566
SLC35F5,hsa-let-7a-2,CTCF,10.16902294,5.0442075228566
SLC35F5,hsa-let-7a-2,CTCF,8.084916739,5.0442075228566
SLC35F5,hsa-let-7a-2,NRF1,7.10947954,3.2278081648876
SLC35F5,hsa-let-7a-2,NRF1,17.43428773,3.2278081648876
SLC35F5,hsa-let-7a-2,NRF1,-2.873384909,3.2278081648876
SLC35F5,hsa-let-7a-2,NRF1,10.16902294,3.2278081648876
SLC35F5,hsa-let-7a-2,NRF1,8.084916739,3.2278081648876
SLC35F5,hsa-let-7a-2,RAD21,7.10947954,37.499817437131
SLC35F5,hsa-let-7a-2,RAD21,17.43428773,37.499817437131
SLC35F5,hsa-let-7a-2,RAD21,-2.873384909,37.499817437131
SLC35F5,hsa-let-7a-2,RAD21,10.16902294,37.499817437131
SLC35F5,hsa-let-7a-2,RAD21,8.084916739,37.499817437131
SLC35F5,hsa-let-7a-2,REST,7.10947954,3.3070928395496
SLC35F5,hsa-let-7a-2,REST,17.43428773,3.3070928395496
SLC35F5,hsa-let-7a-2,REST,-2.873384909,3.3070928395496
SLC35F5,hsa-let-7a-2,REST,10.16902294,3.3070928395496
SLC35F5,hsa-let-7a-2,REST,8.084916739,3.3070928395496
SLC35F5,hsa-let-7a-2,STAT1,7.10947954,8.28534828202598
SLC35F5,hsa-let-7a-2,STAT1,17.43428773,8.28534828202598
SLC35F5,hsa-let-7a-2,STAT1,-2.873384909,8.28534828202598
SLC35F5,hsa-let-7a-2,STAT1,10.16902294,8.28534828202598
SLC35F5,hsa-let-7a-2,STAT1,8.084916739,8.28534828202598
SLC35F5,hsa-let-7a-2,TCF7L2,7.10947954,3.6641371429858
SLC35F5,hsa-let-7a-2,TCF7L2,17.43428773,3.6641371429858
SLC35F5,hsa-let-7a-2,TCF7L2,-2.873384909,3.6641371429858
SLC35F5,hsa-let-7a-2,TCF7L2,10.16902294,3.6641371429858
SLC35F5,hsa-let-7a-2,TCF7L2,8.084916739,3.6641371429858
SLC35F5,hsa-let-7a-2,ZNF263,7.10947954,4.53271949849231
SLC35F5,hsa-let-7a-2,ZNF263,17.43428773,4.53271949849231
SLC35F5,hsa-let-7a-2,ZNF263,-2.873384909,4.53271949849231
SLC35F5,hsa-let-7a-2,ZNF263,10.16902294,4.53271949849231
SLC35F5,hsa-let-7a-2,ZNF263,8.084916739,4.53271949849231
SLC35F5,hsa-let-7c,ACTB,7.10947954,1346.92690071375
SLC35F5,hsa-let-7c,ACTB,17.43428773,1346.92690071375
SLC35F5,hsa-let-7c,ACTB,-2.873384909,1346.92690071375
SLC35F5,hsa-let-7c,ACTB,10.16902294,1346.92690071375
SLC35F5,hsa-let-7c,ACTB,8.084916739,1346.92690071375
SLC35F5,hsa-let-7c,ACTN4,7.10947954,33.310778069477
SLC35F5,hsa-let-7c,ACTN4,17.43428773,33.310778069477
SLC35F5,hsa-let-7c,ACTN4,-2.873384909,33.310778069477
SLC35F5,hsa-let-7c,ACTN4,10.16902294,33.310778069477
SLC35F5,hsa-let-7c,ACTN4,8.084916739,33.310778069477
SLC35F5,hsa-let-7c,ACVR1B,7.10947954,-3.1836005218397
SLC35F5,hsa-let-7c,ACVR1B,17.43428773,-3.1836005218397
SLC35F5,hsa-let-7c,ACVR1B,-2.873384909,-3.1836005218397
SLC35F5,hsa-let-7c,ACVR1B,10.16902294,-3.1836005218397
SLC35F5,hsa-let-7c,ACVR1B,8.084916739,-3.1836005218397
SLC35F5,hsa-let-7c,AGO1,7.10947954,6.5846033355498
SLC35F5,hsa-let-7c,AGO1,17.43428773,6.5846033355498
SLC35F5,hsa-let-7c,AGO1,-2.873384909,6.5846033355498
SLC35F5,hsa-let-7c,AGO1,10.16902294,6.5846033355498
SLC35F5,hsa-let-7c,AGO1,8.084916739,6.5846033355498
SLC35F5,hsa-let-7c,AIDA,7.10947954,2.9645711544143
SLC35F5,hsa-let-7c,AIDA,17.43428773,2.9645711544143
SLC35F5,hsa-let-7c,AIDA,-2.873384909,2.9645711544143
SLC35F5,hsa-let-7c,AIDA,10.16902294,2.9645711544143
SLC35F5,hsa-let-7c,AIDA,8.084916739,2.9645711544143
SLC35F5,hsa-let-7c,ANKRD17,7.10947954,1.541838601029
SLC35F5,hsa-let-7c,ANKRD17,17.43428773,1.541838601029
SLC35F5,hsa-let-7c,ANKRD17,-2.873384909,1.541838601029
SLC35F5,hsa-let-7c,ANKRD17,10.16902294,1.541838601029
SLC35F5,hsa-let-7c,ANKRD17,8.084916739,1.541838601029
SLC35F5,hsa-let-7c,ARL6IP1,7.10947954,28.305957493851
SLC35F5,hsa-let-7c,ARL6IP1,17.43428773,28.305957493851
SLC35F5,hsa-let-7c,ARL6IP1,-2.873384909,28.305957493851
SLC35F5,hsa-let-7c,ARL6IP1,10.16902294,28.305957493851
SLC35F5,hsa-let-7c,ARL6IP1,8.084916739,28.305957493851
SLC35F5,hsa-let-7c,ARMC8,7.10947954,1.8177921185981
SLC35F5,hsa-let-7c,ARMC8,17.43428773,1.8177921185981
SLC35F5,hsa-let-7c,ARMC8,-2.873384909,1.8177921185981
SLC35F5,hsa-let-7c,ARMC8,10.16902294,1.8177921185981
SLC35F5,hsa-let-7c,ARMC8,8.084916739,1.8177921185981
SLC35F5,hsa-let-7c,ATP2A2,7.10947954,27.613250001442
SLC35F5,hsa-let-7c,ATP2A2,17.43428773,27.613250001442
SLC35F5,hsa-let-7c,ATP2A2,-2.873384909,27.613250001442
SLC35F5,hsa-let-7c,ATP2A2,10.16902294,27.613250001442
SLC35F5,hsa-let-7c,ATP2A2,8.084916739,27.613250001442
SLC35F5,hsa-let-7c,ATP6V1F,7.10947954,23.245242205839
SLC35F5,hsa-let-7c,ATP6V1F,17.43428773,23.245242205839
SLC35F5,hsa-let-7c,ATP6V1F,-2.873384909,23.245242205839
SLC35F5,hsa-let-7c,ATP6V1F,10.16902294,23.245242205839
SLC35F5,hsa-let-7c,ATP6V1F,8.084916739,23.245242205839
SLC35F5,hsa-let-7c,BCOR,7.10947954,7.49450513164849
SLC35F5,hsa-let-7c,BCOR,17.43428773,7.49450513164849
SLC35F5,hsa-let-7c,BCOR,-2.873384909,7.49450513164849
SLC35F5,hsa-let-7c,BCOR,10.16902294,7.49450513164849
SLC35F5,hsa-let-7c,BCOR,8.084916739,7.49450513164849
SLC35F5,hsa-let-7c,BPTF,7.10947954,2.5960240688615
SLC35F5,hsa-let-7c,BPTF,17.43428773,2.5960240688615
SLC35F5,hsa-let-7c,BPTF,-2.873384909,2.5960240688615
SLC35F5,hsa-let-7c,BPTF,10.16902294,2.5960240688615
SLC35F5,hsa-let-7c,BPTF,8.084916739,2.5960240688615
RPL30,hsa-miR-1197,CDKN1A,163.8590672,312.55835154917
RPL30,hsa-miR-1197,CDKN1A,1154.8208873,312.55835154917
RPL30,hsa-miR-1197,YTHDF3,163.8590672,4.67362263695881
RPL30,hsa-miR-1197,YTHDF3,1154.8208873,4.67362263695881
RPL30,hsa-miR-1197,MCL1,163.8590672,46.36140529674
RPL30,hsa-miR-1197,MCL1,1154.8208873,46.36140529674
RPL30,hsa-miR-1197,CELF1,163.8590672,-20.0855055277
RPL30,hsa-miR-1197,CELF1,1154.8208873,-20.0855055277
RPL30,hsa-miR-1197,TGOLN2,163.8590672,63.770501540276
RPL30,hsa-miR-1197,TGOLN2,1154.8208873,63.770501540276
RPL30,hsa-miR-1197,TUBA1B,163.8590672,41.108883943098
RPL30,hsa-miR-1197,TUBA1B,1154.8208873,41.108883943098
RPL30,hsa-miR-1197,CALM2,163.8590672,71.591073245397
RPL30,hsa-miR-1197,CALM2,1154.8208873,71.591073245397
RPL30,hsa-miR-1197,TNRC6A,163.8590672,-2.9682860580205
RPL30,hsa-miR-1197,TNRC6A,1154.8208873,-2.9682860580205
RPL30,hsa-miR-1197,TUBA1C,163.8590672,40.318351462098
RPL30,hsa-miR-1197,TUBA1C,1154.8208873,40.318351462098
RPL30,hsa-miR-1197,PRKAR1A,163.8590672,13.996906637549
RPL30,hsa-miR-1197,PRKAR1A,1154.8208873,13.996906637549
RPL30,hsa-miR-1197,LONRF1,163.8590672,2.5657440321047
RPL30,hsa-miR-1197,LONRF1,1154.8208873,2.5657440321047
RPL30,hsa-miR-1197,MAT2A,163.8590672,11.919618738829
RPL30,hsa-miR-1197,MAT2A,1154.8208873,11.919618738829
RPL30,hsa-miR-1197,PSAP,163.8590672,485.28668116551
RPL30,hsa-miR-1197,PSAP,1154.8208873,485.28668116551
RPL30,hsa-miR-1197,SETD5,163.8590672,1.84642137883939
RPL30,hsa-miR-1197,SETD5,1154.8208873,1.84642137883939
RPL30,hsa-miR-1197,IPO7,163.8590672,18.160641998954
RPL30,hsa-miR-1197,IPO7,1154.8208873,18.160641998954
RPL30,hsa-miR-1197,PPP1R15B,163.8590672,18.658357751715
RPL30,hsa-miR-1197,PPP1R15B,1154.8208873,18.658357751715
RPL30,hsa-miR-1197,CHORDC1,163.8590672,1.036877328274
RPL30,hsa-miR-1197,CHORDC1,1154.8208873,1.036877328274
RPL30,hsa-miR-1197,DDX3X,163.8590672,25.276232007674
RPL30,hsa-miR-1197,DDX3X,1154.8208873,25.276232007674
RPL30,hsa-miR-1197,CSNK2A1,163.8590672,9.18787555018889
RPL30,hsa-miR-1197,CSNK2A1,1154.8208873,9.18787555018889
RPL30,hsa-miR-1197,BTG2,163.8590672,107.032690707826
RPL30,hsa-miR-1197,BTG2,1154.8208873,107.032690707826
RPL30,hsa-miR-1197,TNPO1,163.8590672,11.694915647691
RPL30,hsa-miR-1197,TNPO1,1154.8208873,11.694915647691
RPL30,hsa-miR-1197,PKM,163.8590672,919.72053859588
RPL30,hsa-miR-1197,PKM,1154.8208873,919.72053859588
RPL30,hsa-miR-1197,MIDN,163.8590672,4.5390645886677
RPL30,hsa-miR-1197,MIDN,1154.8208873,4.5390645886677
RPL30,hsa-miR-1197,TRAM1,163.8590672,10.5981232856189
RPL30,hsa-miR-1197,TRAM1,1154.8208873,10.5981232856189
RPL30,hsa-miR-1197,ARF3,163.8590672,-3.77821975820098
RPL30,hsa-miR-1197,ARF3,1154.8208873,-3.77821975820098
RPL30,hsa-miR-1197,NARF,163.8590672,2.1632546596805
RPL30,hsa-miR-1197,NARF,1154.8208873,2.1632546596805
RPL30,hsa-miR-1197,TXNIP,163.8590672,47.282670294979
RPL30,hsa-miR-1197,TXNIP,1154.8208873,47.282670294979
RPL30,hsa-miR-1197,AAK1,163.8590672,-6.0060574385931
RPL30,hsa-miR-1197,AAK1,1154.8208873,-6.0060574385931
RPL30,hsa-miR-1197,COPS5,163.8590672,14.3243949241818
RPL30,hsa-miR-1197,COPS5,1154.8208873,14.3243949241818
RPL30,hsa-miR-1197,PCMT1,163.8590672,12.6293737291259
RPL30,hsa-miR-1197,PCMT1,1154.8208873,12.6293737291259
RPL30,hsa-miR-1197,SRRT,163.8590672,7.14004098707561
RPL30,hsa-miR-1197,SRRT,1154.8208873,7.14004098707561
RPL30,hsa-miR-1197,KMT2E,163.8590672,-2.3399851764598
RPL30,hsa-miR-1197,KMT2E,1154.8208873,-2.3399851764598
RPL30,hsa-miR-1197,AGO2,163.8590672,4.34806946947398
RPL30,hsa-miR-1197,AGO2,1154.8208873,4.34806946947398
RPL30,hsa-miR-1197,C8orf76,163.8590672,7.7018763822682
RPL30,hsa-miR-1197,C8orf76,1154.8208873,7.7018763822682
RPL30,hsa-miR-1197,MAP3K1,163.8590672,-2.6156016979062
RPL30,hsa-miR-1197,MAP3K1,1154.8208873,-2.6156016979062
RPL30,hsa-miR-1197,FBXO3,163.8590672,2.49404187355842
RPL30,hsa-miR-1197,FBXO3,1154.8208873,2.49404187355842
RPL30,hsa-miR-1197,WEE1,163.8590672,-2.5806273474894
RPL30,hsa-miR-1197,WEE1,1154.8208873,-2.5806273474894
RPL30,hsa-miR-1197,SUMO3,163.8590672,16.48344497523
RPL30,hsa-miR-1197,SUMO3,1154.8208873,16.48344497523
RPL30,hsa-miR-1197,TOP1,163.8590672,18.695164540082
RPL30,hsa-miR-1197,TOP1,1154.8208873,18.695164540082
RPL30,hsa-miR-1197,ENTPD6,163.8590672,9.6916257237486
RPL30,hsa-miR-1197,ENTPD6,1154.8208873,9.6916257237486
RPL30,hsa-miR-1197,FOXK1,163.8590672,-11.7887518931845
RPL30,hsa-miR-1197,FOXK1,1154.8208873,-11.7887518931845
RPL30,hsa-miR-1197,LARP1,163.8590672,29.589977418018
RPL30,hsa-miR-1197,LARP1,1154.8208873,29.589977418018
RPL30,hsa-miR-1197,DNAJC7,163.8590672,28.112979853589
RPL30,hsa-miR-1197,DNAJC7,1154.8208873,28.112979853589
RPL30,hsa-miR-1197,RPS6,163.8590672,332.54754597949
RPL30,hsa-miR-1197,RPS6,1154.8208873,332.54754597949
RPL30,hsa-miR-1197,FAM102A,163.8590672,1.9024688001274
RPL30,hsa-miR-1197,FAM102A,1154.8208873,1.9024688001274
RPL30,hsa-miR-1197,ACBD3,163.8590672,-3.6855972376865
RPL30,hsa-miR-1197,ACBD3,1154.8208873,-3.6855972376865
RPL30,hsa-miR-1197,TMED7,163.8590672,3.7064359936319
RPL30,hsa-miR-1197,TMED7,1154.8208873,3.7064359936319
RPL30,hsa-miR-1197,E2F3,163.8590672,1.6259228963331
RPL30,hsa-miR-1197,E2F3,1154.8208873,1.6259228963331
RPL30,hsa-miR-1197,TMBIM6,163.8590672,59.380796709262
RPL30,hsa-miR-1197,TMBIM6,1154.8208873,59.380796709262
RPL30,hsa-miR-1197,MINK1,163.8590672,5.5309865529806
RPL30,hsa-miR-1197,MINK1,1154.8208873,5.5309865529806
